line_id,train_median_speed_uds_per_hour
14,44749.82402549971
17,80755.91263545219
19,68448.30210185016
