line_id,train_median_speed_uds_per_hour
14,44749.82402549971
17,80780.81708285537
19,68554.67964865161
